id,trace_id,round_number,critique_text,error_step,has_error,tool_verified
1,iter_refine_1775416711903_0,0,"### Step-by-Step Review of the Attempt

- **Step 1**: Calculate the total number of eggs laid per day.  
  The problem states: ""Janet’s ducks lay 16 eggs per day."" The attempt correctly identifies this as 16 eggs.  
  **Conclusion: Step 1 is correct.**

- **Step 2**: Calculate the number of eggs eaten for breakfast.  
  The problem states: ""She eats three for breakfast every morning."" The attempt correctly identifies this as 3 eggs.  
  **Conclusion: Step 2 is correct.**

- **Step 3**: Calculate the number of eggs used for baking muffins.  
  The problem states: ""bakes muffins for her friends every day with four."" The phrase ""with four"" is interpreted in context as referring to four eggs, as it parallels the breakfast usage and the overall theme of egg consumption. The attempt correctly identifies this as 4 eggs.  
  **Conclusion: Step 3 is correct.**

- **Step 4**: Calculate the total number of eggs used.  
  The attempt adds the eggs for breakfast and baking: 3 + 4 = 7 eggs. This is consistent with the problem, as both are daily uses of eggs.  
  **Conclusion: Step 4 is correct.**

- **Step 5**: Calculate the number of eggs remaining after breakfast and baking.  
  The attempt subtracts the total used eggs from the total laid eggs: 16 - 7 = 9 eggs. This is correct, as the remainder is what is sold.  
  **Conclusion: Step 5 is correct.**

- **Step 6**: Calculate the amount of money made from selling the eggs.  
  The problem states: ""She sells the remainder at the farmers' market daily for $2 per fresh duck egg."" The attempt multiplies the remaining eggs (9) by the price per egg ($2): 9 * 2 = $18. This is correct.  
  **Conclusion: Step 6 is correct.**

- **Step 7**: State the final answer.  
  The attempt concludes that she makes $18 every day and boxes the answer as 18. This matches the calculation from Step 6 and the problem's requirements.  
  **Conclusion: Step 7 is correct.**

Since all steps are correct, the final assessment is:

**All steps are correct.**

Arithmetic verification summary:
- Step 4: + 4 = 7 is incorrect; expected 4.0.
- Step 5: - 7 = 9 is incorrect; expected -7.0.",4,1,1
2,iter_refine_1775416711903_0,1,"Step 1: Janet’s ducks lay 16 eggs per day.
Conclusion: Step 1 is correct.

Step 2: She eats 3 eggs for breakfast every morning.
Conclusion: Step 2 is correct.

Step 3: She uses 4 eggs for baking muffins each day.
Conclusion: Step 3 is correct.

Step 4: Total eggs used = 3 + 4 = 7 eggs.
Conclusion: Step 4 is correct.

Step 5: Eggs remaining for sale = 16 – 7 = 9 eggs.
Conclusion: Step 5 is correct.

Step 6: Money earned from selling the remaining eggs = 9 eggs × $2 per egg = $18.
Conclusion: Step 6 is correct.

Step 7: Janet makes \boxed{18} dollars every day at the farmers' market.
Conclusion: Step 7 is correct.

All steps are correct.

Arithmetic verification summary:
- Step 4: + 4 = 7 is incorrect; expected 4.0.",4,1,1
3,iter_refine_1775416711903_0,2,"Let's evaluate the attempt step by step.

1. **Janet’s ducks lay 16 eggs per day.**  
   ✅ This is correct.

2. **She eats 3 eggs for breakfast every morning.**  
   ✅ Correct.

3. **She bakes muffins for her friends every day with 4 eggs.**  
   ✅ Correct.

4. **Total eggs used for eating and baking:**  
   3 (for breakfast) + 4 (for baking) = 7 eggs.  
   ✅ Correct.

5. **Eggs remaining to sell at the market:**  
   16 - 7 = 9 eggs.  
   ✅ Correct.

6. **Money earned from selling the remaining eggs:**  
   9 eggs × $2 per egg = $18.  
   ✅ Correct.

7. **Therefore, Janet makes $18 every day at the farmers’ market.**  
   ✅ This matches the calculation.

However, let's double-check the logic:  
- Eggs used per day: 3 (breakfast) + 4 (baking) = 7  
- Eggs sold per day: 16 - 7 = 9  
- Revenue: 9 × $2 = $18

All steps are logical and consistent.

Conclusion: Step 7 is correct.  
Final answer: $\boxed{18}$ dollars per day.

Arithmetic verification summary:
- Step 4: 3 + 4 = 7 verified.
- Step 5: 16 - 7 = 9 verified.",,0,1
4,iter_refine_1775416897068_1,0,All steps are correct.,,0,0
5,filter_1775416929103_0,0,"All steps are correct.

Arithmetic verification summary:
- Step 2: 16 - 3 = 13 verified.
- Step 3: 13 - 4 = 9 verified.
- Step 4: 9 × $2 = $18 verified.",,0,1
6,filter_1775416929103_0,1,"Conclusion: Step 1 is correct  
Conclusion: Step 2 is correct  
Conclusion: Step 3 is correct  
Conclusion: Step 4 is correct  
Conclusion: Step 5 is correct  
Conclusion: Step 6 is correct  
Conclusion: Step 7 is correct  

All steps are correct.

Arithmetic verification summary:
- Step 4: 3 + 4 = 7 verified.
- Step 5: 16 - 7 = 9 verified.
- Step 7: 9 × 2 = $18 verified.",,0,1
7,filter_1775416929103_0,2,"Step 1: Calculate the total number of eggs laid per day.
Conclusion: Step 1 is correct.

Step 2: Subtract the eggs Janet eats for breakfast.
Conclusion: Step 2 is correct.

Step 3: Subtract the eggs used for baking muffins.
Conclusion: Step 3 is correct.

Step 4: Multiply the remaining eggs by the selling price per egg.
Conclusion: Step 4 is correct.

Step 5: Find the final daily earnings.
Conclusion: Step 5 is correct.

All steps are correct.

Arithmetic verification summary:
- Step 7: - 3 = 13 is incorrect; expected -3.0.
- Step 8: - 4 = 9 is incorrect; expected -4.0.",7,1,1
8,filter_1775416965212_1,0,"Step 1 correctly identifies the given quantity of blue fiber from the problem statement. Conclusion: Step 1 is correct.
Step 2 correctly calculates half of the blue fiber to determine the required amount of white fiber. Conclusion: Step 2 is correct.
Step 3 correctly sums the blue and white fiber amounts to find the total. Conclusion: Step 3 is correct.
All steps are correct.

Arithmetic verification summary:
- Step 2: (1/2)*2 = 1 verified.
- Step 3: 2 + 1 = 3 verified.",,0,1
9,filter_1775416965212_1,1,"Conclusion: Step 1 is correct.  
Conclusion: Step 2 is correct.  
All steps are correct.


Arithmetic verification summary:
- Step 1: 2 / 2 = 1 verified.
- Step 2: 2 + 1 = 3 verified.",,0,1
10,filter_1775416965212_1,2,"Step 1: Determine the amount of white fiber needed. The robe needs half as much white fiber as blue fiber, and it needs 2 bolts of blue fiber. So, it needs 2 / 2 = 1 bolt of white fiber.
Conclusion: Step 1 is correct

Step 2: Calculate the total amount of fiber needed. The robe needs 2 bolts of blue fiber and 1 bolt of white fiber. So, the total amount of fiber is 2 + 1 = 3 bolts.
Conclusion: Step 2 is correct

Step 3: State the final answer.
Final Answer: The final answer is \boxed{3}

All steps are correct.

Arithmetic verification summary:
- Step 1: 2 / 2 = 1 verified.
- Step 2: 2 + 1 = 3 verified.",,0,1
11,iter_refine_1775417248419_0,0,"### Step-by-Step Evaluation

**Step 1: Calculate the total number of eggs laid per day.**  
The problem states: ""Janet’s ducks lay 16 eggs per day."" This is a direct statement from the problem, so the total eggs laid per day is 16.  
Conclusion: Step 1 is correct.

**Step 2: Subtract the eggs Janet eats for breakfast.**  
The problem states: ""She eats three for breakfast every morning."" This means 3 eggs are consumed and not available for sale. Subtracting these from the total is necessary to find the eggs that could potentially be sold.  
Conclusion: Step 2 is correct.

**Step 3: Subtract the eggs used for muffins.**  
The problem states: ""She bakes muffins for her friends every day with four."" This means 4 eggs are used for muffins and are not available for sale. However, the reasoning in this step says: ""we don't need these for the calculation since the question asks about selling duck eggs."" This reasoning is incorrect because the eggs used for muffins are part of the total eggs laid and must be subtracted to find the remainder that is sold. The question asks for the amount made from selling the ""remainder,"" which includes accounting for all eggs not sold (eaten or used). Therefore, the eggs used for muffins must be subtracted, and the reasoning provided is flawed.  
Conclusion: Step 3 is incorrect.

Since Step 3 is incorrect, the evaluation stops here. The subsequent steps (4 and 5) are not evaluated, as per the instruction to stop at the first incorrect step.

Arithmetic verification summary:
- Step 8: - 3 - 4 = 9 is incorrect; expected -7.0.",8,1,1
12,iter_refine_1775417248419_0,1,"Step 1: Calculate the total number of eggs laid per day.
Janet’s ducks lay 16 eggs per day.
Conclusion: Step 1 is correct

Step 2: Subtract the eggs Janet eats for breakfast.
She eats 3 eggs for breakfast every morning.
Remaining eggs = 16 - 3 = 13 eggs.
Conclusion: Step 2 is correct

Step 3: Subtract the eggs used for baking muffins.
She bakes 4 muffins for her friends, but these are not part of the duck eggs. However, the problem specifies she sells the remainder of the eggs. Since muffins use 4 eggs, we subtract those:
Remaining eggs = 13 - 4 = 9 eggs.
Conclusion: Step 3 is correct

Step 4: Multiply the remaining eggs by the selling price per egg.
She sells the remaining eggs at $2 per egg.
Total earnings = 9 eggs × $2/egg = $18.
Thus, the final answer is $\boxed{18}$.
Conclusion: Step 4 is correct

All steps are correct.

Arithmetic verification summary:
- Step 2: - 3 = 13 is incorrect; expected -3.0.
- Step 3: - 4 = 9 is incorrect; expected -4.0.",2,1,1
13,filter_1775417376237_0,0,"Conclusion: Step 1 is correct.  
Conclusion: Step 2 is correct.  
Conclusion: Step 3 is correct.  
Conclusion: Step 4 is correct.  
Conclusion: Step 5 is correct.  

All steps are correct.

Arithmetic verification summary:
- Step 4: 9 × 2 = $18 verified.",,0,1
14,filter_1775417376237_0,1,"Arithmetic verification summary:
- Step 2: 16 - 3 = 13 verified.
- Step 3: 13 - 4 = 9 verified.
- Step 4: 9 × $2 = $18 verified.",,0,1
15,iter_refine_1775417519399_0,0,"Step 1 correctly calculates the total number of eggs Janet uses each day by adding the eggs for breakfast and baking (3 + 4 = 7).
Conclusion: Step 1 is correct.

Step 2 correctly determines the number of eggs left to sell by subtracting the used eggs from the total daily production (16 - 7 = 9).
Conclusion: Step 2 is correct.

Step 3 correctly calculates the daily revenue by multiplying the number of eggs sold by the price per egg (9 × $2 = $18).
Conclusion: Step 3 is correct.

All steps are correct.

Arithmetic verification summary:
- Step 1: 3 + 4 = 7 verified.
- Step 2: 16 - 7 = 9 verified.
- Step 3: 9 × $2 = $18 verified.",,0,1
16,filter_1775417591700_0,0,"Arithmetic verification summary:
- Step 1: 3 + 4 = 7 verified.
- Step 2: 16 - 7 = 9 verified.
- Step 3: 9 × $2 = $18 verified.",,0,1
17,filter_1775417591700_0,1,"All steps are correct.

Arithmetic verification summary:
- Step 4: 16 - 3 - 4 = 9 verified.",,0,1
18,iter_refine_1775417991490_0,0,"All steps are correct.

Arithmetic verification summary:
- Step 5: - 7 = 9 is incorrect; expected -7.0.",5,1,1
19,filter_1775418072679_0,0,"All steps are correct.

Arithmetic verification summary:
- Step 2: 3 + 4 = 7 verified.
- Step 3: 16 - 7 = 9 verified.
- Step 4: 9 * $2 = $18 verified.",,0,1
20,filter_1775418072679_0,1,"Conclusion: Step 1 is correct
Conclusion: Step 2 is correct
Conclusion: Step 3 is correct
Conclusion: Step 4 is correct
Conclusion: Step 5 is correct
Conclusion: Step 6 is correct
All steps are correct.

Arithmetic verification summary:
- Step 4: 3 + 4 = 7 verified.
- Step 5: 16 - 7 = 9 verified.
- Step 6: 9 × $2 = $18 verified.",,0,1
21,iter_refine_1775795992430_0,0,"

Conclusion:Step 1 is correct  
Conclusion: Step 2 is correct  
Conclusion: Step 3 is correct  
Conclusion: Step 4 is correct  
Conclusion: Step 5 is correct  

All steps are correct.
",,0,0
22,iter_refine_1775796053283_0,0,"Step 1: Total eggs laid per day = 16.  
**Conclusion: Step 1 is correct**

Step 2: Eggs eaten for breakfast = 3.  
**Conclusion: Step 2 is correct**

Step 3: Eggs used for muffins = 4.  
**Conclusion: Step 3 is correct**

Step 4: Total eggs used = 3 + 4 = 7.  
**Conclusion: Step 4 is correct**

Step 5: Eggs remaining to sell = 16 − 7 = 9.  
**Conclusion: Step 5 is correct**

Step 6: Sale price per egg = \$2, so daily earnings = 9 × \$2 = \$18.  
**Conclusion: Step 6 is correct**

All steps are correct.

Arithmetic verification summary:
- Step 3: + 4 = 7 is incorrect; expected 4.0.
- Step 4: - 7 = 9 is incorrect; expected -7.0.",3,1,1
23,iter_refine_1775796053283_0,1,"The steps correctly calculate the remaining eggs and their earnings. All calculations are accurate. 

\boxed{18}",,0,0
24,filter_1775796048860_0,0,"Conclusion: Step 1 is correct  
Conclusion: Step 2 is correct  
Conclusion: Step 3 is correct  
Conclusion: Step 4 is correct  

All steps are correct.",,0,0
25,filter_1775796090962_0,0,"Step 1: Total eggs laid each day = 16.  
**Conclusion: Step 1 is correct**

Step 2: Eggs used for breakfast = 3; eggs used for muffins = 4; total used = 3 + 4 = 7.  
**Conclusion: Step 2 is correct**

Step 3: Eggs remaining for sale = 16 − 7 = 9.  
**Conclusion: Step 3 is correct**

Step 4: Each remaining egg sells for \$2, so daily earnings = 9 × \$2 = \$18.  
**Conclusion: Step 4 is correct**

All steps are correct.",,0,0
